{"k": 10, "1": {"precision": 0.0, "recall": 0.0, "average_precision": 0.0, "RR": 0.0}, "10": {"precision": 0.7, "recall": 0.2, "average_precision": 0.961734693877551, "RR": 1.0}, "11": {"precision": 0.6, "recall": 0.3157894736842105, "average_precision": 1.0, "RR": 1.0}, "12": {"precision": 0.2, "recall": 0.4, "average_precision": 1.0, "RR": 1.0}, "13": {"precision": 0.3, "recall": 0.2727272727272727, "average_precision": 0.4777777777777777, "RR": 0.3333333333333333}, "14": {"precision": 0.3, "recall": 0.06818181818181818, "average_precision": 0.7555555555555555, "RR": 1.0}, "15": {"precision": 0.2, "recall": 0.2, "average_precision": 0.26785714285714285, "RR": 0.25}, "16": {"precision": 0.2, "recall": 0.11764705882352941, "average_precision": 0.6428571428571428, "RR": 1.0}, "17": {"precision": 0.2, "recall": 0.125, "average_precision": 0.2, "RR": 0.2}, "18": {"precision": 0.1, "recall": 0.09090909090909091, "average_precision": 0.5, "RR": 0.5}, "19": {"precision": 0.5, "recall": 0.45454545454545453, "average_precision": 0.5587301587301587, "RR": 0.5}, "2": {"precision": 0.0, "recall": 0.0, "average_precision": 0.0, "RR": 0.0}, "20": {"precision": 0.1, "recall": 0.3333333333333333, "average_precision": 1.0, "RR": 1.0}, "21": {"precision": 0.3, "recall": 0.2727272727272727, "average_precision": 0.8055555555555555, "RR": 1.0}, "22": {"precision": 0.6, "recall": 0.35294117647058826, "average_precision": 0.5211640211640212, "RR": 0.5}, "23": {"precision": 0.0, "recall": 0.0, "average_precision": 0.0, "RR": 0.0}, "24": {"precision": 0.1, "recall": 0.07692307692307693, "average_precision": 0.5, "RR": 0.5}, "25": {"precision": 0.6, "recall": 0.11764705882352941, "average_precision": 0.762037037037037, "RR": 1.0}, "26": {"precision": 0.4, "recall": 0.13333333333333333, "average_precision": 0.3916666666666666, "RR": 0.3333333333333333}, "27": {"precision": 0.5, "recall": 0.1724137931034483, "average_precision": 0.8528571428571429, "RR": 1.0}, "28": {"precision": 0.4, "recall": 0.8, "average_precision": 0.9166666666666666, "RR": 1.0}, "29": {"precision": 0.6, "recall": 0.3157894736842105, "average_precision": 0.9150793650793649, "RR": 1.0}, "3": {"precision": 0.1, "recall": 0.16666666666666666, "average_precision": 0.14285714285714285, "RR": 0.14285714285714285}, "30": {"precision": 0.2, "recall": 0.5, "average_precision": 0.6666666666666666, "RR": 1.0}, "31": {"precision": 0.1, "recall": 0.5, "average_precision": 0.1111111111111111, "RR": 0.1111111111111111}, "32": {"precision": 0.2, "recall": 0.6666666666666666, "average_precision": 0.75, "RR": 1.0}, "33": {"precision": 0.1, "recall": 1.0, "average_precision": 0.125, "RR": 0.125}, "36": {"precision": 0.4, "recall": 0.2, "average_precision": 0.4154761904761905, "RR": 0.3333333333333333}, "37": {"precision": 0.1, "recall": 0.08333333333333333, "average_precision": 1.0, "RR": 1.0}, "38": {"precision": 0.6, "recall": 0.375, "average_precision": 0.8551587301587301, "RR": 1.0}, "39": {"precision": 0.4, "recall": 0.3333333333333333, "average_precision": 0.43333333333333335, "RR": 0.5}, "4": {"precision": 0.2, "recall": 0.16666666666666666, "average_precision": 1.0, "RR": 1.0}, "40": {"precision": 0.2, "recall": 0.2, "average_precision": 0.6, "RR": 1.0}, "42": {"precision": 0.4, "recall": 0.19047619047619047, "average_precision": 0.36964285714285716, "RR": 0.25}, "43": {"precision": 0.2, "recall": 0.04878048780487805, "average_precision": 0.26785714285714285, "RR": 0.25}, "44": {"precision": 0.2, "recall": 0.11764705882352941, "average_precision": 0.41666666666666663, "RR": 0.5}, "45": {"precision": 0.5, "recall": 0.19230769230769232, "average_precision": 0.6833333333333333, "RR": 1.0}, "48": {"precision": 0.0, "recall": 0.0, "average_precision": 0.0, "RR": 0.0}, "49": {"precision": 0.3, "recall": 0.375, "average_precision": 0.30277777777777776, "RR": 0.2}, "5": {"precision": 0.3, "recall": 0.375, "average_precision": 0.43333333333333335, "RR": 0.5}, "57": {"precision": 0.1, "recall": 1.0, "average_precision": 1.0, "RR": 1.0}, "58": {"precision": 0.5, "recall": 0.16666666666666666, "average_precision": 0.6833333333333333, "RR": 1.0}, "59": {"precision": 0.5, "recall": 0.11627906976744186, "average_precision": 0.9111111111111111, "RR": 1.0}, "6": {"precision": 0.2, "recall": 0.6666666666666666, "average_precision": 0.625, "RR": 1.0}, "60": {"precision": 0.1, "recall": 0.037037037037037035, "average_precision": 0.1, "RR": 0.1}, "61": {"precision": 0.7, "recall": 0.22580645161290322, "average_precision": 0.8444444444444443, "RR": 1.0}, "62": {"precision": 0.0, "recall": 0.0, "average_precision": 0.0, "RR": 0.0}, "63": {"precision": 0.3, "recall": 0.25, "average_precision": 0.6095238095238095, "RR": 1.0}, "7": {"precision": 0.6, "recall": 0.21428571428571427, "average_precision": 0.9761904761904762, "RR": 1.0}, "8": {"precision": 0.1, "recall": 0.3333333333333333, "average_precision": 0.14285714285714285, "RR": 0.14285714285714285}, "9": {"precision": 0.3, "recall": 0.3333333333333333, "average_precision": 0.24206349206349206, "RR": 0.14285714285714285}, "MAP": 0.5438681769003898, "MRR": 0.6159741674447556, "number_of_q": 51}