{"k": 10, "1": {"precision": 0.0, "recall": 0.0}, "10": {"precision": 0.7, "recall": 0.2}, "11": {"precision": 0.6, "recall": 0.3157894736842105}, "12": {"precision": 0.2, "recall": 0.4}, "13": {"precision": 0.3, "recall": 0.2727272727272727}, "14": {"precision": 0.3, "recall": 0.06818181818181818}, "15": {"precision": 0.2, "recall": 0.2}, "16": {"precision": 0.2, "recall": 0.11764705882352941}, "17": {"precision": 0.2, "recall": 0.125}, "18": {"precision": 0.1, "recall": 0.09090909090909091}, "19": {"precision": 0.5, "recall": 0.45454545454545453}, "2": {"precision": 0.0, "recall": 0.0}, "20": {"precision": 0.1, "recall": 0.3333333333333333}, "21": {"precision": 0.3, "recall": 0.2727272727272727}, "22": {"precision": 0.6, "recall": 0.35294117647058826}, "23": {"precision": 0.0, "recall": 0.0}, "24": {"precision": 0.1, "recall": 0.07692307692307693}, "25": {"precision": 0.6, "recall": 0.11764705882352941}, "26": {"precision": 0.4, "recall": 0.13333333333333333}, "27": {"precision": 0.5, "recall": 0.1724137931034483}, "28": {"precision": 0.4, "recall": 0.8}, "29": {"precision": 0.6, "recall": 0.3157894736842105}, "3": {"precision": 0.1, "recall": 0.16666666666666666}, "30": {"precision": 0.2, "recall": 0.5}, "31": {"precision": 0.1, "recall": 0.5}, "32": {"precision": 0.2, "recall": 0.6666666666666666}, "33": {"precision": 0.1, "recall": 1.0}, "36": {"precision": 0.4, "recall": 0.2}, "37": {"precision": 0.1, "recall": 0.08333333333333333}, "38": {"precision": 0.6, "recall": 0.375}, "39": {"precision": 0.4, "recall": 0.3333333333333333}, "4": {"precision": 0.2, "recall": 0.16666666666666666}, "40": {"precision": 0.2, "recall": 0.2}, "42": {"precision": 0.4, "recall": 0.19047619047619047}, "43": {"precision": 0.2, "recall": 0.04878048780487805}, "44": {"precision": 0.2, "recall": 0.11764705882352941}, "45": {"precision": 0.5, "recall": 0.19230769230769232}, "48": {"precision": 0.0, "recall": 0.0}, "49": {"precision": 0.3, "recall": 0.375}, "5": {"precision": 0.3, "recall": 0.375}, "57": {"precision": 0.1, "recall": 1.0}, "58": {"precision": 0.5, "recall": 0.16666666666666666}, "59": {"precision": 0.5, "recall": 0.11627906976744186}, "6": {"precision": 0.2, "recall": 0.6666666666666666}, "60": {"precision": 0.1, "recall": 0.037037037037037035}, "61": {"precision": 0.7, "recall": 0.22580645161290322}, "62": {"precision": 0.0, "recall": 0.0}, "63": {"precision": 0.3, "recall": 0.25}, "7": {"precision": 0.6, "recall": 0.21428571428571427}, "8": {"precision": 0.1, "recall": 0.3333333333333333}, "9": {"precision": 0.3, "recall": 0.3333333333333333}, "MAP": 0.2901960784313725, "MRR": 0.26772931482455337, "number_of_q": 51}